{"cameraMode":{"drawMode":0,"name":"Shaded","section":"Shading Mode"},"sceneLighting":true,"audioPlay":false,"sceneViewState":{"m_AlwaysRefresh":false,"showFog":true,"showSkybox":true,"showFlares":true,"showImageEffects":true,"showParticleSystems":true,"showVisualEffectGraphs":true,"m_FxEnabled":true},"in2DMode":false,"pivot":{"x":3.1864240169525148,"y":2.445831060409546,"z":3.9316301345825197},"rotation":{"x":-0.0008749610860832036,"y":0.9963311553001404,"z":-0.08449960500001908,"w":-0.010164790786802769},"size":1.2730190753936768,"orthographic":false}