{"cameraMode":{"drawMode":0,"name":"Shaded","section":"Shading Mode"},"sceneLighting":true,"audioPlay":false,"sceneViewState":{"m_AlwaysRefresh":false,"showFog":true,"showSkybox":true,"showFlares":true,"showImageEffects":true,"showParticleSystems":true,"showVisualEffectGraphs":true,"m_FxEnabled":true},"in2DMode":false,"pivot":{"x":-1.1756733655929566,"y":1.4910277128219605,"z":3.3451590538024904},"rotation":{"x":-0.04572972282767296,"y":0.7251208424568176,"z":-0.048358768224716189,"w":-0.6853405833244324},"size":1.2730190753936768,"orthographic":false}